{
  "norm_stats": {
    "state": {
      "mean": [
        0.02971964329481125,
        -0.06700710952281952,
        0.024383803829550743,
        -2.5423526763916016,
        -0.05535869672894478,
        2.419844150543213,
        0.08709870278835297,
        0.14311477541923523
      ],
      "std": [
        0.06880456209182739,
        0.2611147165298462,
        0.09659933298826218,
        0.11381667107343674,
        0.12003081291913986,
        0.23261259496212006,
        0.19648495316505432,
        0.18380868434906006
      ],
      "q01": [
        -0.14691641870737077,
        -0.6250841468572617,
        -0.1846571521282196,
        -2.7569457726478577,
        -0.4426935288310051,
        1.8940095155477523,
        -0.3876766152262688,
        0.0
      ],
      "q99": [
        0.1867001725137234,
        0.3174397346377372,
        0.24050391168594365,
        -2.2241428010463715,
        0.18969787389039983,
        2.86351679623127,
        0.7006702046990394,
        0.5943859082937241
      ]
    },
    "actions": {
      "mean": [
        -0.002306577516719699,
        0.047131702303886414,
        0.00026801187777891755,
        0.0049264500848948956,
        -0.005929643753916025,
        0.03298898786306381,
        0.0013354724505916238,
        0.2229691594839096
      ],
      "std": [
        0.0501486100256443,
        0.09317950159311295,
        0.056497640907764435,
        0.046344004571437836,
        0.05784885585308075,
        0.0840974748134613,
        0.06631605327129364,
        0.28075575828552246
      ],
      "q01": [
        -0.1774781600356102,
        -0.16307938195466998,
        -0.18376085928082464,
        -0.13391472930908202,
        -0.18462025251388559,
        -0.10382198791503905,
        -0.19405615141391752,
        0.0
      ],
      "q99": [
        0.15542735120654105,
        0.32984099755287166,
        0.18144611477851869,
        0.14222340536117556,
        0.16433813104629502,
        0.35128954315185545,
        0.21874460138082508,
        0.8446
      ]
    },
    "torque_history": {
      "mean": [
        -0.010152173228561878,
        0.6255343556404114,
        0.1397133320569992,
        -0.07092894613742828,
        -0.11753977090120316,
        0.03704986348748207,
        -0.0845668613910675
      ],
      "std": [
        1.849743127822876,
        2.564126968383789,
        1.7071045637130737,
        2.09818172454834,
        0.8305260539054871,
        0.7041070461273193,
        0.39981356263160706
      ],
      "q01": [
        -6.055377125930787,
        -3.969214975166321,
        -5.64659807395935,
        -8.547351095676422,
        -1.8880197246551513,
        -2.4109392107963563,
        -1.110211974143982
      ],
      "q99": [
        6.097129564857482,
        10.216140323829649,
        6.521280366897585,
        2.4821862292289723,
        1.8580232574462894,
        1.3742655508041377,
        0.7612323856353762
      ]
    },
    "torque_future": {
      "mean": [
        -0.027849510312080383,
        0.6505703330039978,
        0.1389201283454895,
        -0.1267111599445343,
        -0.12009155750274658,
        0.012537097558379173,
        -0.0818461999297142
      ],
      "std": [
        1.8601608276367188,
        2.5749619007110596,
        1.7163724899291992,
        2.0835039615631104,
        0.8356508612632751,
        0.7014316320419312,
        0.40067359805107117
      ],
      "q01": [
        -6.055377125930787,
        -4.033961410140992,
        -5.656363626480102,
        -8.56766331911087,
        -1.9040170612335205,
        -2.436703508663178,
        -1.110211974143982
      ],
      "q99": [
        6.116290001106261,
        10.275000719261168,
        6.560342576980592,
        2.4415617823600755,
        1.8606894802093503,
        1.3764125756263725,
        0.7622640528678897
      ]
    }
  }
}