{
  "norm_stats": {
    "state": {
      "mean": [
        0.029736708849668503,
        -0.06706449389457703,
        0.024422537535429,
        -2.5423526763916016,
        -0.05535203963518143,
        2.4198009967803955,
        0.08709752559661865,
        0.14308030903339386
      ],
      "std": [
        0.06880921870470047,
        0.26113367080688477,
        0.09659019112586975,
        0.11381667107343674,
        0.12004922330379486,
        0.2327355593442917,
        0.19651654362678528,
        0.18380849063396454
      ],
      "q01": [
        -0.14691641870737077,
        -0.625307864844799,
        -0.18423368493318557,
        -2.7569457726478577,
        -0.4426935288310051,
        1.8940095155477523,
        -0.3860546378493309,
        0.0
      ],
      "q99": [
        0.18681407370567316,
        0.3174397346377372,
        0.2406450674176217,
        -2.22398207616806,
        0.19059957265853877,
        2.8640042307615277,
        0.701075699043274,
        0.5945656439781188
      ]
    },
    "actions": {
      "mean": [
        -0.0023035574704408646,
        0.04712565988302231,
        0.00027162456535734236,
        0.004918244667351246,
        -0.005924740340560675,
        0.03299213573336601,
        0.0013339528813958168,
        0.22298677265644073
      ],
      "std": [
        0.050156369805336,
        0.09318388998508453,
        0.05650514364242554,
        0.046345874667167664,
        0.05785631760954857,
        0.08410841971635818,
        0.06632653623819351,
        0.2807587683200836
      ],
      "q01": [
        -0.1774781600356102,
        -0.16307938195466998,
        -0.18376085928082464,
        -0.13391472930908202,
        -0.18462025251388559,
        -0.10382198791503905,
        -0.19405615141391752,
        0.0
      ],
      "q99": [
        0.15559191151857377,
        0.32984099755287166,
        0.18160821285843853,
        0.14222340536117556,
        0.16433813104629502,
        0.35128954315185545,
        0.21874460138082508,
        0.8446
      ]
    }
  }
}